dataset,category,balancer,classifier,n_features_selected,balancing_time_sec,accuracy,precision,recall,f1,auc,train_time_sec
nslkdd,baseline,raw,DT,8,0.0,76.6013129879347,95.71739656423905,61.65354944284267,74.99881510972084,0.7765016913686713,0.10100364685058594
nslkdd,baseline,raw,RF,8,0.0,75.9625621007807,93.56051703877792,62.04316995246629,74.60994236986366,0.8738927682028065,1.2259747982025146
nslkdd,baseline,raw,ET,8,0.0,76.65897799858055,94.71943295924395,62.47954492324476,75.2934547844868,0.8705350506678783,0.8548941612243652
nslkdd,baseline,raw,LR,8,0.0,76.8319730305181,94.59681200187529,62.8925426634458,75.5534753100866,0.9014115352048709,0.34308671951293945
nslkdd,baseline,raw,XGB,8,0.0,77.43967352732435,95.93264555911301,63.04059845710278,76.08388977710901,0.8515140911386847,1.0497121810913086
nslkdd,baseline,raw,LGBM,8,0.0,78.75709723207949,96.09213843685538,65.33935946388218,77.78653926434436,0.8894585468933981,5.223657608032227
nslkdd,baseline,raw,DNN,8,0.0,75.81174591909155,94.97805948317894,60.718460219745964,74.07900366021771,0.8463641473445829,20.406209468841553
nslkdd,baseline,ros,DT,12,0.09099912643432617,77.00053229240596,96.54333008763388,61.80939764669212,75.36700080763931,0.7386117447710348,0.12321662902832031
nslkdd,baseline,ros,RF,12,0.09099912643432617,76.1000709723208,96.25947558096185,60.36000935089223,74.19540229885058,0.9257670900029316,1.4524710178375244
nslkdd,baseline,ros,ET,12,0.09099912643432617,77.31990773598297,96.36079750180158,62.51850697420712,75.83534193487405,0.9191133137528866,1.233339548110962
nslkdd,baseline,ros,LR,12,0.09099912643432617,75.19073811213627,95.71861581207376,59.058676848749315,73.04708206833406,0.8660821267715766,0.5316226482391357
nslkdd,baseline,ros,XGB,12,0.09099912643432617,74.80482611781405,96.83121644624852,57.624873373334374,72.25207620908647,0.9182288940531761,0.9673159122467041
nslkdd,baseline,ros,LGBM,12,0.09099912643432617,74.57860184528035,96.53997378768021,57.398893477752665,71.99335385818306,0.9334484196328519,0.7134332656860352
nslkdd,baseline,ros,DNN,12,0.09099912643432617,77.92760823278921,95.08779983932055,64.56011844463492,76.90522602803304,0.9178032604275563,19.215784072875977
nslkdd,ml_based,smote,DT,12,2.19392728805542,77.46185237757275,96.59773984130801,62.612015896516795,75.97749515389344,0.7453495395886014,0.12462162971496582
nslkdd,ml_based,smote,RF,12,2.19392728805542,76.31742370475514,96.27068411953569,60.74962986051585,74.49237972385457,0.9231870126368404,1.4988150596618652
nslkdd,ml_based,smote,ET,12,2.19392728805542,77.13804116394606,96.29808272036658,62.230187797085634,75.60352172678216,0.8966273115046186,1.2627406120300293
nslkdd,ml_based,smote,LR,12,2.19392728805542,75.18630234208659,95.71807502841986,59.05088443855685,73.0409638554217,0.8666258702577907,0.7870540618896484
nslkdd,ml_based,smote,XGB,12,2.19392728805542,75.1375088715401,96.7408173823073,58.287228239694535,72.74495502066618,0.9131405167992881,0.915647029876709
nslkdd,ml_based,smote,LGBM,12,2.19392728805542,74.61408800567779,96.40992167101827,57.546949271409645,72.07339091397063,0.9320845191562536,0.7187418937683105
nslkdd,ml_based,smote,DNN,12,2.19392728805542,77.78566359119942,90.33921022785854,68.27709810644433,77.7738327711699,0.931843292263857,17.7699031829834
nslkdd,ml_based,adasyn,DT,15,6.407142400741577,75.62544357700497,93.79326808307472,61.23275929244916,74.09363066333506,0.7365152967515665,0.19427227973937988
nslkdd,ml_based,adasyn,RF,15,6.407142400741577,77.10255500354862,96.23869801084992,62.20681056650822,75.56796667928815,0.9402162414290409,1.6472818851470947
nslkdd,ml_based,adasyn,ET,15,6.407142400741577,77.27555003548616,96.24520153550864,62.51850697420712,75.79951816335208,0.9321111518505473,1.2941920757293701
nslkdd,ml_based,adasyn,LR,15,6.407142400741577,77.22232079489,95.26105362182503,63.126314969219976,75.93382387402166,0.8998446156014321,0.8652603626251221
nslkdd,ml_based,adasyn,XGB,15,6.407142400741577,77.08037615330021,96.15847784200385,62.22239538689317,75.55471448171453,0.9392942960303652,1.1376862525939941
nslkdd,ml_based,adasyn,LGBM,15,6.407142400741577,77.64371894960965,96.53648632509257,62.986051585755476,76.23314156370839,0.953297488246448,0.8120477199554443
nslkdd,ml_based,adasyn,DNN,15,6.407142400741577,77.98970901348474,95.34508583938242,64.4821943427102,76.93380438824842,0.8998491693989654,19.008933782577515
nslkdd,ml_hybrid,smote_tomek,DT,12,12.27739143371582,77.59048970901348,96.66546719443446,62.799033741136135,76.13604156825696,0.7464894614332387,0.12485790252685547
nslkdd,ml_hybrid,smote_tomek,RF,12,12.27739143371582,75.99804826117814,96.21419676214197,60.204161147042775,74.06413267507071,0.928662920066859,1.4597156047821045
nslkdd,ml_hybrid,smote_tomek,ET,12,12.27739143371582,77.21344925479063,96.45098985997103,62.26135743785552,75.67362788274849,0.9192512958242126,1.1946167945861816
nslkdd,ml_hybrid,smote_tomek,LR,12,12.27739143371582,75.19073811213627,95.73016675088428,59.05088443855685,73.04448407152152,0.8662963358026631,0.8357436656951904
nslkdd,ml_hybrid,smote_tomek,XGB,12,12.27739143371582,76.1000709723208,96.77095112451313,60.017143302423435,74.08618699499807,0.9151494396265266,0.9354069232940674
nslkdd,ml_hybrid,smote_tomek,LGBM,12,12.27739143371582,75.82948899929028,96.46362949911905,59.72882412530196,73.77640887434428,0.9360353377256335,0.7137320041656494
nslkdd,ml_hybrid,smote_tomek,DNN,12,12.27739143371582,78.9389638041164,96.83698296836984,65.12896438868542,77.87923965710026,0.918727256038161,18.641555309295654
nslkdd,ml_hybrid,smote_enn,DT,12,12.707311391830444,76.64123491838183,96.70411060362918,61.04574144782981,74.84475016719213,0.7269072333186031,0.13122892379760742
nslkdd,ml_hybrid,smote_enn,RF,12,12.707311391830444,76.64567068843151,96.3611859838275,61.287306163796465,74.92260061919505,0.9121997142654543,1.5423355102539062
nslkdd,ml_hybrid,smote_enn,ET,12,12.707311391830444,77.68364088005679,96.45153608001905,63.11852255902751,76.30351844001696,0.8971898439193319,1.2215304374694824
nslkdd,ml_hybrid,smote_enn,LR,12,12.707311391830444,75.19960965223564,95.83544303797468,58.99633756720954,73.03332851010467,0.8661418116104312,0.5364902019500732
nslkdd,ml_hybrid,smote_enn,XGB,12,12.707311391830444,76.18435060326473,96.65,60.250915608197616,74.22838765420246,0.8949275534143801,0.9625575542449951
nslkdd,ml_hybrid,smote_enn,LGBM,12,12.707311391830444,75.6875443577005,96.46107178968654,59.471674588950364,73.57917570498915,0.9085406556985384,0.7531342506408691
nslkdd,ml_hybrid,smote_enn,DNN,12,12.707311391830444,79.73296664300923,96.84807256235828,66.56276786410037,78.89899782940009,0.8707232408646028,17.759925842285156
nslkdd,dl_based,vae_oversample,DT,12,0.4735758304595947,76.1222498225692,96.59744808606455,60.172991506272886,74.1537427377923,0.7273433266360012,0.363445520401001
nslkdd,dl_based,vae_oversample,RF,12,0.4735758304595947,76.22427253371185,96.20378385062446,60.624951297436304,74.37858508604207,0.9285791061193144,2.071842670440674
nslkdd,dl_based,vae_oversample,ET,12,0.4735758304595947,77.23562810503904,96.33016484177595,62.386036000935086,75.72833900870222,0.9186526620260622,1.8235516548156738
nslkdd,dl_based,vae_oversample,LR,12,0.4735758304595947,74.80482611781405,95.71775533682731,58.34956752123431,72.50193648334624,0.8511003816419354,1.8315751552581787
nslkdd,dl_based,vae_oversample,XGB,12,0.4735758304595947,75.26614620298083,96.78916827852998,58.48983090469883,72.916261900136,0.9184372212629557,1.1144742965698242
nslkdd,dl_based,vae_oversample,LGBM,12,0.4735758304595947,76.45049680624555,96.53636813458684,60.81196914205563,74.6187311755988,0.9359218779543261,1.640700340270996
nslkdd,dl_based,vae_oversample,DNN,12,0.4735758304595947,77.8388928317956,90.47619047619048,68.2537208758669,77.80936306298302,0.8951452249364541,24.53838872909546
nslkdd,dl_based,gan_oversample,DT,14,0.6077244281768799,80.34066713981547,96.76054770121341,67.73162939297124,79.68463513017969,0.8238041288347399,0.19993090629577637
nslkdd,dl_based,gan_oversample,RF,14,0.6077244281768799,77.03601845280342,96.5806765636408,61.84835969765449,75.40734406916536,0.9438076670752407,1.9351592063903809
nslkdd,dl_based,gan_oversample,ET,14,0.6077244281768799,77.6304116394606,96.83742183742183,62.752279279981295,76.15490094094284,0.9091626964172238,1.4531066417694092
nslkdd,dl_based,gan_oversample,LR,14,0.6077244281768799,75.33268275372605,92.24959330699511,61.863944518039425,74.06129017211623,0.8806280153010486,0.5265357494354248
nslkdd,dl_based,gan_oversample,XGB,14,0.6077244281768799,80.0567778566359,97.00078926598263,67.0381048858412,79.28301539028661,0.9564795415369849,1.0431663990020752
nslkdd,dl_based,gan_oversample,LGBM,14,0.6077244281768799,81.08587650816182,97.1393992738475,68.79918958933999,80.54921996168233,0.9575245197121778,0.8219733238220215
nslkdd,dl_based,gan_oversample,DNN,14,0.6077244281768799,80.00798438608942,96.81736392262708,67.08485934699603,79.25431530494822,0.8899764480801322,19.301689863204956
nslkdd,dl_hybrid,gan_tomek,DT,15,11.461374998092651,77.90099361249113,96.38426090038993,63.56268993999844,76.60593538692713,0.795059780448542,0.19259285926818848
nslkdd,dl_hybrid,gan_tomek,RF,15,11.461374998092651,78.94339957416608,96.76150821188989,65.1913036702252,77.89934354485777,0.9084128645045109,1.8267807960510254
nslkdd,dl_hybrid,gan_tomek,ET,15,11.461374998092651,78.40223562810505,96.81401363743241,64.1704979350113,77.18262336566849,0.887999381774842,1.416170597076416
nslkdd,dl_hybrid,gan_tomek,LR,15,11.461374998092651,76.85858765081618,96.609547123623,61.505493649185695,75.16069132981002,0.8961143693432155,0.8730134963989258
nslkdd,dl_hybrid,gan_tomek,XGB,15,11.461374998092651,78.32682753726047,96.69761429075096,64.11595106366399,77.10617561615594,0.9031748097433421,1.0332050323486328
nslkdd,dl_hybrid,gan_tomek,LGBM,15,11.461374998092651,78.30908445706174,96.6631418164728,64.10815865347152,77.08958020989505,0.9203524361649262,0.9283671379089355
nslkdd,dl_hybrid,gan_tomek,DNN,15,11.461374998092651,78.48207948899929,96.59117441045996,64.47440193251774,77.3307163886163,0.8738520528394902,19.53913640975952
nslkdd,dl_hybrid,vae_smote,DT,12,0.39410829544067383,73.97533711852378,96.13245033112582,56.55731317696564,71.21620958642005,0.7730942551914274,0.3025946617126465
nslkdd,dl_hybrid,vae_smote,RF,12,0.39410829544067383,73.38094393186657,96.17464179507975,55.442998519442064,70.33760071177896,0.9101300273292848,2.0900888442993164
nslkdd,dl_hybrid,vae_smote,ET,12,0.39410829544067383,73.22569198012775,96.45933014354067,54.98324631808619,70.04169148302562,0.9044910337652412,1.5074195861816406
nslkdd,dl_hybrid,vae_smote,LR,12,0.39410829544067383,76.33960255500355,95.85422526598997,61.07691108859971,74.61208948119943,0.8901915638585689,0.17670774459838867
nslkdd,dl_hybrid,vae_smote,XGB,12,0.39410829544067383,73.54506742370475,96.33077026844732,55.64560118444635,70.54232934900722,0.9223655316348384,1.1394391059875488
nslkdd,dl_hybrid,vae_smote,LGBM,12,0.39410829544067383,73.49627395315827,96.20048504446241,55.63780877425387,70.50111083683042,0.9283287957047909,0.8938460350036621
nslkdd,dl_hybrid,vae_smote,DNN,12,0.39410829544067383,77.52838892831797,95.3732912723449,63.60944440115328,76.31824981301422,0.8815189547549362,19.776645183563232
ids2018,baseline,raw,DT,22,0.0,98.05820975554013,95.8455098333465,95.44971880284737,95.64720487103195,0.9714136298038958,2.9828391075134277
ids2018,baseline,raw,RF,22,0.0,98.50388094338129,98.01659583080348,95.23341330082195,96.6049628979494,0.9874866089242514,9.593303442001343
ids2018,baseline,raw,ET,22,0.0,98.40015471031373,97.38268234916302,95.40645770244228,96.38444117763916,0.9818588828170877,6.940240144729614
ids2018,baseline,raw,LR,22,0.0,97.13610112428688,96.21044732563472,90.76178864986039,93.40672683854778,0.9607123970777993,0.4007761478424072
ids2018,baseline,raw,XGB,22,0.0,98.83000325243273,99.82630272952854,94.9305855979864,97.31691091982985,0.9940308379750489,0.9522542953491211
ids2018,baseline,raw,LGBM,22,0.0,99.1552465256107,99.88174849127385,96.33460494749676,98.07611459230046,0.9965204266524328,1.1703779697418213
ids2018,baseline,raw,DNN,22,0.0,98.46784047256969,99.86945169712794,93.26699964604555,96.45537185040571,0.984432328237979,51.47562050819397
ids2018,baseline,ros,DT,17,0.553581953048706,97.73560358998252,94.82521872180156,95.05643607189208,94.94068662110142,0.9698908878125825,2.7199771404266357
ids2018,baseline,ros,RF,17,0.553581953048706,98.03535482283033,96.11102274534754,95.05643607189208,95.58082056351952,0.9838689186921359,13.510446786880493
ids2018,baseline,ros,ET,17,0.553581953048706,98.10040347746592,96.37987401323659,95.07216738113028,95.72155457443228,0.9783951424675487,10.610671281814575
ids2018,baseline,ros,LR,17,0.553581953048706,94.63084888494299,85.2832669759287,91.82365202343965,88.43269449284145,0.9540001404356027,0.9551799297332764
ids2018,baseline,ros,XGB,17,0.553581953048706,98.65507511361538,98.86312517891466,95.07610020843985,96.93263833199678,0.9923681327620063,1.1136717796325684
ids2018,baseline,ros,LGBM,17,0.553581953048706,99.2071096421445,99.6397198720803,96.80261139733354,98.20067823658488,0.9964969834683831,1.6556618213653564
ids2018,baseline,ros,DNN,17,0.553581953048706,98.2630251140549,99.12438728057312,93.05069414402014,95.9915611814346,0.9846531665489839,83.12167549133301
ids2018,ml_based,smote,DT,18,7.084324836730957,93.8739989978991,80.56972507452798,95.66209147756322,87.46965855763526,0.956822163970059,2.9286015033721924
ids2018,ml_based,smote,RF,18,7.084324836730957,94.25374249523124,81.80563038793103,95.54017383096708,88.14106634254304,0.9814052542004752,15.35424542427063
ids2018,ml_based,smote,ET,18,7.084324836730957,94.17638733836728,81.52159334763948,95.61883037715813,88.0092668006009,0.9719166146597218,15.03665804862976
ids2018,ml_based,smote,LR,18,7.084324836730957,92.26096817011103,76.94602042470416,93.34172336492705,84.35456354847882,0.9598126307109999,1.6220839023590088
ids2018,ml_based,smote,XGB,18,7.084324836730957,95.40615852532942,85.79325986037776,95.21374916427419,90.25836036237558,0.9845622196391866,3.001952886581421
ids2018,ml_based,smote,LGBM,18,7.084324836730957,95.87820078937422,86.44127363463836,96.73182050576159,91.29748891074776,0.9887237374241253,5.120498180389404
ids2018,ml_based,smote,DNN,18,7.084324836730957,94.79259148565853,84.10450110166823,94.57663114012664,89.03369122547204,0.9794935476900022,121.4570860862732
ids2018,ml_based,adasyn,DT,11,64.02511668205261,92.42886402194074,76.04399008674102,96.5391119675935,85.0746010016116,0.9426673815893188,1.833653450012207
ids2018,ml_based,adasyn,RF,11,64.02511668205261,92.55896133121193,76.35651687488347,96.62956699571322,85.305095043833,0.9857765999471348,15.89768934249878
ids2018,ml_based,adasyn,ET,11,64.02511668205261,92.5079772505516,76.20287698412699,96.66889526880874,85.22441620581453,0.9747676333012191,13.123954772949219
ids2018,ml_based,adasyn,LR,11,64.02511668205261,57.11975105704064,33.06355698662721,89.65273134856648,48.31042777065474,0.7701783414526119,0.5550847053527832
ids2018,ml_based,adasyn,XGB,11,64.02511668205261,88.72724395882597,66.94452660733012,97.91166869862744,79.51961160086879,0.9921812399856077,2.7287189960479736
ids2018,ml_based,adasyn,LGBM,11,64.02511668205261,87.28474609048796,64.09649709377089,98.01392220867582,77.50703634017012,0.9916412313276888,1.860792875289917
ids2018,ml_based,adasyn,DNN,11,64.02511668205261,70.82304128831498,43.28182588984444,98.37180949384513,60.11439832728496,0.9457032307371831,112.77318930625916
ids2018,ml_hybrid,smote_tomek,DT,18,412.4189510345459,94.27044417682686,81.84941889843356,95.55590514020528,88.17317462621571,0.95980882762149,2.4233901500701904
ids2018,ml_hybrid,smote_tomek,RF,18,412.4189510345459,94.65194574590589,83.09777215016597,95.496912730562,88.866930171278,0.9801528385452023,10.72992730140686
ids2018,ml_hybrid,smote_tomek,ET,18,412.4189510345459,94.56580023030739,82.77753176414484,95.5716364494435,88.71568341121495,0.9723512422985111,10.362709045410156
ids2018,ml_hybrid,smote_tomek,LR,18,412.4189510345459,92.26975852884556,76.98322572272151,93.31419357376018,84.36566633480301,0.9568040614509845,1.11332106590271
ids2018,ml_hybrid,smote_tomek,XGB,18,412.4189510345459,95.3912149154807,85.73907500531199,95.21768199158375,90.23013137053945,0.9842772403670171,0.9901041984558105
ids2018,ml_hybrid,smote_tomek,LGBM,18,412.4189510345459,95.78326491504117,86.25913948256468,96.50764934911707,91.09605568445475,0.9877911517127123,1.328277587890625
ids2018,ml_hybrid,smote_tomek,DNN,18,412.4189510345459,95.10025404136742,85.26413016448187,94.39178825657766,89.59608780050769,0.979551584652433,71.59521245956421
ids2018,ml_hybrid,smote_enn,DT,18,312.7164890766144,95.05806031944164,84.45905974875596,95.45365163015693,89.62041208182556,0.9657497634384382,2.3824527263641357
ids2018,ml_hybrid,smote_enn,RF,18,312.7164890766144,95.18991570045974,84.93155480866855,95.40645770244228,89.86478977588442,0.9779208092297025,9.763309478759766
ids2018,ml_hybrid,smote_enn,ET,18,312.7164890766144,95.12047186645687,84.6706670387943,95.44971880284737,89.73766430644655,0.973598933699184,8.245802879333496
ids2018,ml_hybrid,smote_enn,LR,18,312.7164890766144,92.33480718348116,77.15613926725399,93.34172336492705,84.48067202961487,0.9545750471813946,1.005786657333374
ids2018,ml_hybrid,smote_enn,XGB,18,312.7164890766144,95.38330359261961,85.65621575766144,95.30420419239391,90.22301649354034,0.982345044722939,1.0447850227355957
ids2018,ml_hybrid,smote_enn,LGBM,18,312.7164890766144,95.74107119311539,86.18240630054144,96.40146301175916,91.00595890029516,0.9863735567761714,1.3051683902740479
ids2018,ml_hybrid,smote_enn,DNN,18,312.7164890766144,95.27166603669096,85.88972431077694,94.34459432886302,89.91884851097326,0.9779866772084519,69.30934190750122
ids2018,dl_based,vae_oversample,DT,28,0.7050764560699463,97.99843531614525,95.62835067801954,95.40645770244228,95.51727532237425,0.970855964517109,12.974753856658936
ids2018,dl_based,vae_oversample,RF,28,0.7050764560699463,98.8018741044822,99.60013191524446,95.02104062610611,97.2567173191104,0.9927345018005144,19.301599979400635
ids2018,dl_based,vae_oversample,ET,28,0.7050764560699463,98.41949349952972,97.64487639633826,95.22554764620286,96.42003822873527,0.9823220106982502,11.873253583908081
ids2018,dl_based,vae_oversample,LR,28,0.7050764560699463,96.646478142773,94.63813615333774,90.10107366185551,92.31389140727309,0.9619755120945285,2.8116185665130615
ids2018,dl_based,vae_oversample,XGB,28,0.7050764560699463,98.81330157083711,99.74381223916367,94.93451842529595,97.27976142500202,0.993879873085872,1.9251041412353516
ids2018,dl_based,vae_oversample,LGBM,28,0.7050764560699463,99.08843979922821,99.86098618039088,96.0553742085185,97.92121880324747,0.9960853744941109,2.2989683151245117
ids2018,dl_based,vae_oversample,DNN,28,0.7050764560699463,98.60584910470196,99.76620882561683,93.98277421638416,96.78817334953422,0.9870671221853117,112.76664018630981
ids2018,dl_based,gan_oversample,DT,24,0.8276069164276123,98.05381457617285,95.85918052866569,95.41432335706139,95.63623462630085,0.9719465438433013,28.953688621520996
ids2018,dl_based,gan_oversample,RF,24,0.8276069164276123,98.824729037192,99.6701030927835,95.05643607189208,97.30861364414115,0.9925159452541713,21.070414066314697
ids2018,dl_based,gan_oversample,ET,24,0.8276069164276123,98.4405903604926,97.69711635410366,95.26880874660793,96.46768348532515,0.9835863683306224,11.861470222473145
ids2018,dl_based,gan_oversample,LR,24,0.8276069164276123,96.5111066182611,95.14432382395019,88.92909112360876,91.93177891163377,0.9664585423186746,2.750748872756958
ids2018,dl_based,gan_oversample,XGB,24,0.8276069164276123,98.80539024797602,99.74371693121694,94.89912297950997,97.26112980914569,0.9938327549795275,1.2744684219360352
ids2018,dl_based,gan_oversample,LGBM,24,0.8276069164276123,98.98295549441373,99.9013076733284,95.54410665827663,97.6741381043321,0.9949083665973735,2.0898656845092773
ids2018,dl_based,gan_oversample,DNN,24,0.8276069164276123,98.58651031548598,99.63325692852678,94.02210248947969,96.74638824814859,0.9866143132230877,108.55108785629272
ids2018,dl_hybrid,gan_tomek,DT,24,616.2790381908417,98.40894506904827,97.44084207143145,95.38679356589452,96.40287769784173,0.974151604704002,14.0241219997406
ids2018,dl_hybrid,gan_tomek,RF,24,616.2790381908417,98.83088228830619,99.76868106902391,94.98957800762969,97.3204931904263,0.9913512780311682,13.388221979141235
ids2018,dl_hybrid,gan_tomek,ET,24,616.2790381908417,98.62958307328522,98.69033047735618,95.1311597907736,96.87806636361816,0.982579305820656,8.4461088180542
ids2018,dl_hybrid,gan_tomek,LR,24,616.2790381908417,96.45396928648658,95.20348222964121,88.59873362960631,91.78244041556324,0.964568709138164,2.785487174987793
ids2018,dl_hybrid,gan_tomek,XGB,24,616.2790381908417,98.81242253496364,99.79730288739968,94.87945884296221,97.27626459143968,0.993139031739056,1.74302339553833
ids2018,dl_hybrid,gan_tomek,LGBM,24,616.2790381908417,98.97416513567919,99.88895286666119,95.51657686710978,97.65384692708228,0.994587253745246,1.9714319705963135
ids2018,dl_hybrid,gan_tomek,DNN,24,616.2790381908417,98.5495908088009,99.38930663453948,94.08896055374208,96.66653198109015,0.9858395670795129,114.73401546478271
ids2018,dl_hybrid,vae_smote,DT,19,0.7004854679107666,98.51794551735657,98.56003272652895,94.75360836905652,96.61934552454284,0.9858407758582556,5.727160692214966
ids2018,dl_hybrid,vae_smote,RF,19,0.7004854679107666,98.691115584427,99.39744118860916,94.71821292327054,97.00142980848622,0.9905306060867639,12.828433275222778
ids2018,dl_hybrid,vae_smote,ET,19,0.7004854679107666,98.66122836472957,99.19733267473451,94.77720533291382,96.93690794634058,0.9897162278058239,10.06393575668335
ids2018,dl_hybrid,vae_smote,LR,19,0.7004854679107666,93.28240785506456,91.54403176827844,77.06375113068785,83.68209771096686,0.9579960726738581,2.744598627090454
ids2018,dl_hybrid,vae_smote,XGB,19,0.7004854679107666,98.67705101045173,99.68843469591226,94.37605694733944,96.95953453605122,0.9908564935036193,1.515172004699707
ids2018,dl_hybrid,vae_smote,LGBM,19,0.7004854679107666,98.83527746767345,99.69484536082474,95.0800330357494,97.33276969221168,0.9928243167324284,1.7922117710113525
ids2018,dl_hybrid,vae_smote,DNN,19,0.7004854679107666,98.32983184043741,99.63292688072232,92.8697840877807,96.13255170167724,0.9803071472770116,90.946932554245
ddos2019,baseline,raw,DT,17,0.0,99.85238774980535,99.83764611849335,99.93499512463436,99.8862969025277,0.9993220018266876,0.4931764602661133
ddos2019,baseline,raw,RF,17,0.0,99.87509732675836,99.84517031265608,99.96249718728905,99.9037993028573,0.9999141072248471,2.099604845046997
ddos2019,baseline,raw,ET,17,0.0,99.9075395795484,99.9000499750125,99.95749681226091,99.9287651374083,0.9998580374799183,1.7012205123901367
ddos2019,baseline,raw,LR,17,0.0,99.11108227355308,98.71088830168178,99.93499512463436,99.31917008324015,0.99888233269151,0.8722062110900879
ddos2019,baseline,raw,XGB,17,0.0,99.9059174669089,99.90004747744821,99.95499662474685,99.92751449710057,0.9999733393010803,0.4896962642669678
ddos2019,baseline,raw,LGBM,17,0.0,99.93024915650143,99.92752174347696,99.9649973748031,99.9462560461948,0.9999550616381675,1.9777352809906006
ddos2019,baseline,raw,DNN,17,0.0,99.47605761744096,99.67695081638786,99.51496362227167,99.59589135357629,0.9997213834268831,35.483121395111084
ddos2019,baseline,ros,DT,19,0.2355968952178955,99.99351154944199,99.99749968746093,99.99249943745781,99.99499949995,0.9999394035657473,2.1362831592559814
ddos2019,baseline,ros,RF,19,0.2355968952178955,99.9918894368025,100.0,99.98749906242969,99.99374914050682,0.999999937642545,4.853633165359497
ddos2019,baseline,ros,ET,19,0.2355968952178955,99.97891253568648,99.98749812471871,99.97999849988749,99.98374817166932,0.999999629896957,3.710129737854004
ddos2019,baseline,ros,LR,19,0.2355968952178955,99.527965221905,99.65236094437775,99.61997149786234,99.63616358885236,0.9994430035811415,1.245772123336792
ddos2019,baseline,ros,XGB,19,0.2355968952178955,99.98540098624449,99.99499899979996,99.98249868740156,99.98874845291228,0.9999996812841191,1.3019952774047852
ddos2019,baseline,ros,LGBM,19,0.2355968952178955,99.9918894368025,100.0,99.98749906242969,99.99374914050682,0.9999997702012309,7.225200653076172
ddos2019,baseline,ros,DNN,19,0.2355968952178955,99.95133662081494,99.959998999975,99.9649973748031,99.96249812490625,0.9999554473305742,79.35679030418396
ddos2019,ml_based,smote,DT,19,5.382564544677734,99.9918894368025,99.99749962494374,99.98999924994375,99.99374929679588,0.999926902628177,0.9617750644683838
ddos2019,ml_based,smote,RF,19,5.382564544677734,99.98864521152349,99.99749949989997,99.98499887491562,99.99124879670954,0.9999999439937673,3.4804301261901855
ddos2019,ml_based,smote,ET,19,5.382564544677734,99.98053464832599,99.99249831212023,99.97749831237343,99.98499774966245,0.9999997286295941,2.407205581665039
ddos2019,ml_based,smote,LR,19,5.382564544677734,99.49552296911499,99.6075,99.61497112283422,99.6112354213283,0.9994383949033119,0.443805456161499
ddos2019,ml_based,smote,XGB,19,5.382564544677734,99.98864521152349,99.99749949989997,99.98499887491562,99.99124879670954,0.9999996766650483,1.0721096992492676
ddos2019,ml_based,smote,LGBM,19,5.382564544677734,99.99026732416299,99.99749956242341,99.98749906242969,99.9924990623828,0.9999998117728675,0.9872763156890869
ddos2019,ml_based,smote,DNN,19,5.382564544677734,99.95620295873346,99.9774932479744,99.95499662474685,99.96624367068826,0.9999560339525579,39.20849394798279
ddos2019,ml_based,adasyn,DT,18,21.04322338104248,99.93024915650143,99.95249049809962,99.93999549966247,99.94624260835865,0.9994829233226162,0.652268648147583
ddos2019,ml_based,adasyn,RF,18,21.04322338104248,99.91565014274592,99.97247729376735,99.8974923119234,99.93497073683157,0.9999750298809705,2.8088598251342773
ddos2019,ml_based,adasyn,ET,18,21.04322338104248,99.93511549441993,99.95998899697418,99.93999549966247,99.94999124846848,0.999852936871055,2.606534957885742
ddos2019,ml_based,adasyn,LR,18,21.04322338104248,99.55229691149754,99.57812226965225,99.7324799359952,99.65524133106825,0.9978277370618047,1.4103214740753174
ddos2019,ml_based,adasyn,XGB,18,21.04322338104248,99.92213859330393,99.97498060997273,99.90499287446558,99.93997448915789,0.999965089640741,1.7411830425262451
ddos2019,ml_based,adasyn,LGBM,18,21.04322338104248,99.94160394497794,99.97248830753071,99.93749531214841,99.9549887471868,0.9999710857719437,1.0004394054412842
ddos2019,ml_based,adasyn,DNN,18,21.04322338104248,99.8183233843758,99.99498608638973,99.72497937345301,99.85980021530682,0.9998595496482015,43.787325859069824
ddos2019,ml_hybrid,smote_tomek,DT,19,78.65624403953552,99.9918894368025,99.99749962494374,99.98999924994375,99.99374929679588,0.999926902628177,0.9636971950531006
ddos2019,ml_hybrid,smote_tomek,RF,19,78.65624403953552,99.99026732416299,100.0,99.98499887491562,99.99249887483123,0.9999999295591713,3.169358253479004
ddos2019,ml_hybrid,smote_tomek,ET,19,78.65624403953552,99.97891253568648,99.98999799959992,99.97749831237343,99.98374776531773,0.9999996310517248,2.247124195098877
ddos2019,ml_hybrid,smote_tomek,LR,19,78.65624403953552,99.51823254606799,99.63492698539707,99.6224716853764,99.62869894610509,0.9994441883727856,0.5231130123138428
ddos2019,ml_hybrid,smote_tomek,XGB,19,78.65624403953552,99.98702309888398,99.99499912484686,99.98499887491562,99.98999874984374,0.9999996350934117,0.639716625213623
ddos2019,ml_hybrid,smote_tomek,LGBM,19,78.65624403953552,99.9918894368025,99.99749962494374,99.98999924994375,99.99374929679588,0.9999998544992718,0.8749933242797852
ddos2019,ml_hybrid,smote_tomek,DNN,19,78.65624403953552,99.94484817025693,99.95999499937493,99.95499662474685,99.95749574957496,0.9997934501685474,32.2605996131897
ddos2019,ml_hybrid,smote_enn,DT,19,67.11433839797974,99.98215676096548,100.0,99.97249793734531,99.98624707750396,0.9998624896867265,0.8011610507965088
ddos2019,ml_hybrid,smote_enn,RF,19,67.11433839797974,99.98215676096548,100.0,99.97249793734531,99.98624707750396,0.9999603181406681,2.6835711002349854
ddos2019,ml_hybrid,smote_enn,ET,19,67.11433839797974,99.97404619776798,99.98749718686705,99.97249793734531,99.97999699954994,0.999936577849223,1.8692107200622559
ddos2019,ml_hybrid,smote_enn,LR,19,67.11433839797974,99.5263431092655,99.65732009304885,99.61247093532015,99.63489046714015,0.9994266971066661,0.383969783782959
ddos2019,ml_hybrid,smote_enn,XGB,19,67.11433839797974,99.97404619776798,99.99249756170755,99.96749756231718,99.97999599919984,0.9999699206113498,0.6251411437988281
ddos2019,ml_hybrid,smote_enn,LGBM,19,67.11433839797974,99.97566831040747,99.9949982493873,99.96749756231718,99.98124601477814,0.9999741268526413,0.76680588722229
ddos2019,ml_hybrid,smote_enn,DNN,19,67.11433839797974,99.93998183233845,99.97498749374687,99.93249493712028,99.95373669930106,0.9998237495404415,31.225238800048828
ddos2019,dl_based,vae_oversample,DT,29,0.3375427722930908,99.90429535426941,99.8825939248601,99.96999774983124,99.9262767246873,0.9994422264224894,2.515422821044922
ddos2019,dl_based,vae_oversample,RF,29,0.3375427722930908,99.91402803010641,99.90255359552246,99.9649973748031,99.93376573063897,0.999960098157424,3.9052796363830566
ddos2019,dl_based,vae_oversample,ET,29,0.3375427722930908,99.91889436802491,99.90256089943786,99.97249793734531,99.93751718277474,0.9999011409158999,3.0796990394592285
ddos2019,dl_based,vae_oversample,LR,29,0.3375427722930908,99.67233324682066,99.73256017396086,99.76248218616396,99.7475189360798,0.9996124755543908,0.7457122802734375
ddos2019,dl_based,vae_oversample,XGB,29,0.3375427722930908,99.95782507137295,99.96250093747656,99.97249793734531,99.96749918747969,0.9999753636088315,0.793140172958374
ddos2019,dl_based,vae_oversample,LGBM,29,0.3375427722930908,99.95133662081494,99.96499562445305,99.95999699977499,99.96249624962496,0.9999789364600479,1.233513355255127
ddos2019,dl_based,vae_oversample,DNN,29,0.3375427722930908,99.83941084868934,99.9174256831148,99.8349876240718,99.8761896424507,0.9999193007925089,32.010868072509766
ddos2019,dl_based,gan_oversample,DT,29,0.5357599258422852,99.98702309888398,99.9924990623828,99.98749906242969,99.98999899989998,0.9998682144475233,2.0905919075012207
ddos2019,dl_based,gan_oversample,RF,29,0.5357599258422852,99.98702309888398,100.0,99.97999849988749,99.9899982496937,0.9999854481950217,3.7445969581604004
ddos2019,dl_based,gan_oversample,ET,29,0.5357599258422852,99.98377887360498,99.99499887474683,99.97999849988749,99.98749812471871,0.9999745974204728,2.173628330230713
ddos2019,dl_based,gan_oversample,LR,29,0.5357599258422852,99.82805606021282,99.79528148795407,99.93999549966247,99.86758606905511,0.9997770917295264,0.43909144401550293
ddos2019,dl_based,gan_oversample,XGB,29,0.5357599258422852,99.99026732416299,100.0,99.98499887491562,99.99249887483123,0.9999927832793547,0.7420637607574463
ddos2019,dl_based,gan_oversample,LGBM,29,0.5357599258422852,99.98540098624449,99.99499899979996,99.98249868740156,99.98874845291228,0.9999963353447526,1.120800256729126
ddos2019,dl_based,gan_oversample,DNN,29,0.5357599258422852,99.95944718401246,99.99249587273,99.9449958746906,99.96874023132229,0.999946736340545,31.122942209243774
ddos2019,dl_hybrid,gan_tomek,DT,29,61.519644260406494,99.99026732416299,99.99749956242341,99.98749906242969,99.9924990623828,0.9999144016906067,2.0649971961975098
ddos2019,dl_hybrid,gan_tomek,RF,29,61.519644260406494,99.98702309888398,100.0,99.97999849988749,99.9899982496937,0.9999995519501383,3.6422626972198486
ddos2019,dl_hybrid,gan_tomek,ET,29,61.519644260406494,99.98215676096548,99.99499874968743,99.97749831237343,99.98624776526187,0.9999745956883213,2.1910908222198486
ddos2019,dl_hybrid,gan_tomek,LR,29,61.519644260406494,99.83454451077083,99.79778815188357,99.94749606220466,99.872586004447,0.9997961615630712,0.6106796264648438
ddos2019,dl_hybrid,gan_tomek,XGB,29,61.519644260406494,99.98864521152349,100.0,99.98249868740156,99.99124857789391,0.9999948849565408,0.7298226356506348
ddos2019,dl_hybrid,gan_tomek,LGBM,29,61.519644260406494,99.98540098624449,99.99499899979996,99.98249868740156,99.98874845291228,0.9999937659866542,1.1859371662139893
ddos2019,dl_hybrid,gan_tomek,DNN,29,61.519644260406494,99.96431352193096,99.99249643580701,99.9524964372328,99.97249243541974,0.9999290083470499,30.772056818008423
ddos2019,dl_hybrid,vae_smote,DT,27,0.39465761184692383,99.97566831040747,99.9924977493248,99.96999774983124,99.98124648371571,0.999780707884531,2.232651948928833
ddos2019,dl_hybrid,vae_smote,RF,27,0.39465761184692383,99.98540098624449,100.0,99.97749831237343,99.98874789022942,0.9999996472184722,3.6893389225006104
ddos2019,dl_hybrid,vae_smote,ET,27,0.39465761184692383,99.98215676096548,99.99499874968743,99.97749831237343,99.98624776526187,0.9999995658073506,3.0837624073028564
ddos2019,dl_hybrid,vae_smote,LR,27,0.39465761184692383,99.40306254866339,99.6716051239628,99.40745555916693,99.539355097136,0.9996437957409181,0.5178015232086182
ddos2019,dl_hybrid,vae_smote,XGB,27,0.39465761184692383,99.98377887360498,99.99249868727027,99.98249868740156,99.98749843730467,0.9999971327118389,0.7039728164672852
ddos2019,dl_hybrid,vae_smote,LGBM,27,0.39465761184692383,99.98864521152349,99.99499924988748,99.98749906242969,99.99124901551426,0.9999998845232315,1.2932233810424805
ddos2019,dl_hybrid,vae_smote,DNN,27,0.39465761184692383,99.95133662081494,99.95750106247344,99.96749756231718,99.96249906247657,0.9999462386356728,32.46569490432739
